kode_bps,nama_wilayah,total_tt,jumlah_penduduk_2021,proyeksi_penduduk_2026,rasio_tt_resmi,rasio_tt_proyeksi_2026,kategori_who_proyeksi_2026,total_kasus_inap_rs_2024,proyeksi_kasus_inap_rs_2026,standar_tt_who_2026,kebutuhan_tt_beban_morbiditas_2026,kebutuhan_tt_komprehensif_2026,gap_tt_terhadap_who,gap_tt_komprehensif,proyeksi_bor_persen_2026,status_kesiapsiagaan_2026,rekomendasi_kapasitas_2026
3501,Kabupaten Pacitan,337,555984,575716,0.61,0.59,merah,2264,2330,576,39,576,-239,-239,8.52,Defisit Kritis (Merah),Alokasi penambahan minimal 239 tempat tidur baru dan ekspansi RS kelas C/D.
3502,Kabupaten Ponorogo,1139,871825,902766,1.31,1.26,hijau,4197,4320,903,72,903,236,236,4.68,Kapasitas Aman / Surplus (Hijau),Pertahankan rasio bed optimal dan tingkatkan fasilitas subspesialis rujukan.
3503,Kabupaten Trenggalek,674,697600,722358,0.97,0.93,kuning,3633,3739,723,62,723,-49,-49,6.84,Waspada / Defisit Ringan (Kuning),"Optimalisasi utilisasi bed existing, upgrade Puskesmas Rawat Inap (+49 TT)."
3504,Kabupaten Tulungagung,2063,1043182,1080205,1.98,1.91,hijau,5390,5548,1081,92,1081,982,982,3.32,Kapasitas Aman / Surplus (Hijau),Pertahankan rasio bed optimal dan tingkatkan fasilitas subspesialis rujukan.
3505,Kabupaten Blitar,899,1163789,1205092,0.77,0.75,kuning,5768,5937,1206,98,1206,-307,-307,8.14,Defisit Kritis (Merah),Alokasi penambahan minimal 307 tempat tidur baru dan ekspansi RS kelas C/D.
3506,Kabupaten Kediri,1343,1580092,1636169,0.85,0.82,kuning,8581,8832,1637,146,1637,-294,-294,8.11,Defisit Kritis (Merah),Alokasi penambahan minimal 294 tempat tidur baru dan ekspansi RS kelas C/D.
3507,Kabupaten Malang,2945,2619975,2712958,1.12,1.09,hijau,11245,11574,2713,191,2713,232,232,4.85,Kapasitas Aman / Surplus (Hijau),Pertahankan rasio bed optimal dan tingkatkan fasilitas subspesialis rujukan.
3508,Kabupaten Lumajang,1081,1044718,1081795,1.03,1.0,hijau,5814,5984,1082,99,1082,-1,-1,6.82,Waspada / Defisit Ringan (Kuning),"Optimalisasi utilisasi bed existing, upgrade Puskesmas Rawat Inap (+20 TT)."
3509,Kabupaten Jember,2139,2459890,2547191,0.87,0.84,kuning,13792,14196,2548,234,2548,-409,-409,8.18,Defisit Kritis (Merah),Alokasi penambahan minimal 409 tempat tidur baru dan ekspansi RS kelas C/D.
3510,Kabupaten Banyuwangi,1538,1617814,1675230,0.95,0.92,kuning,8489,8737,1676,144,1676,-138,-138,7.0,Waspada / Defisit Ringan (Kuning),"Optimalisasi utilisasi bed existing, upgrade Puskesmas Rawat Inap (+138 TT)."
3511,Kabupaten Bondowoso,608,778789,806428,0.78,0.75,kuning,3868,3981,807,66,807,-199,-199,8.07,Defisit Kritis (Merah),Alokasi penambahan minimal 199 tempat tidur baru dan ekspansi RS kelas C/D.
3512,Kabupaten Situbondo,777,685776,710114,1.13,1.09,hijau,3648,3755,711,62,711,66,66,5.96,Kapasitas Aman / Surplus (Hijau),Pertahankan rasio bed optimal dan tingkatkan fasilitas subspesialis rujukan.
3513,Kabupaten Probolinggo,919,1174890,1216587,0.78,0.76,kuning,5613,5777,1217,95,1217,-298,-298,7.75,Defisit Kritis (Merah),Alokasi penambahan minimal 298 tempat tidur baru dan ekspansi RS kelas C/D.
3514,Kabupaten Pasuruan,1692,1637682,1695803,1.03,1.0,hijau,7956,8189,1696,135,1696,-4,-4,5.97,Waspada / Defisit Ringan (Kuning),"Optimalisasi utilisasi bed existing, upgrade Puskesmas Rawat Inap (+20 TT)."
3515,Kabupaten Sidoarjo,4280,2282215,2363211,1.88,1.81,hijau,9704,9988,2364,165,2364,1916,1916,2.88,Kapasitas Aman / Surplus (Hijau),Pertahankan rasio bed optimal dan tingkatkan fasilitas subspesialis rujukan.
3516,Kabupaten Mojokerto,1656,1126392,1166368,1.47,1.42,hijau,5611,5775,1167,95,1167,489,489,4.3,Kapasitas Aman / Surplus (Hijau),Pertahankan rasio bed optimal dan tingkatkan fasilitas subspesialis rujukan.
3517,Kabupaten Jombang,1563,1268504,1313523,1.23,1.19,hijau,5772,5941,1314,98,1314,249,249,4.69,Kapasitas Aman / Surplus (Hijau),Pertahankan rasio bed optimal dan tingkatkan fasilitas subspesialis rujukan.
3518,Kabupaten Nganjuk,936,1057011,1094524,0.89,0.86,kuning,4567,4701,1095,78,1095,-159,-159,6.19,Waspada / Defisit Ringan (Kuning),"Optimalisasi utilisasi bed existing, upgrade Puskesmas Rawat Inap (+159 TT)."
3519,Kabupaten Madiun,944,683784,708051,1.38,1.33,hijau,3469,3571,709,59,709,235,235,4.66,Kapasitas Aman / Surplus (Hijau),Pertahankan rasio bed optimal dan tingkatkan fasilitas subspesialis rujukan.
3520,Kabupaten Magetan,505,629020,651344,0.8,0.78,kuning,3531,3634,652,60,652,-147,-147,8.87,Defisit Kritis (Merah),Alokasi penambahan minimal 147 tempat tidur baru dan ekspansi RS kelas C/D.
3521,Kabupaten Ngawi,906,830134,859595,1.09,1.05,hijau,4277,4402,860,73,860,46,46,5.99,Kapasitas Aman / Surplus (Hijau),Pertahankan rasio bed optimal dan tingkatkan fasilitas subspesialis rujukan.
3522,Kabupaten Bojonegoro,1637,1252020,1296454,1.31,1.26,hijau,6046,6223,1297,103,1297,340,340,4.69,Kapasitas Aman / Surplus (Hijau),Pertahankan rasio bed optimal dan tingkatkan fasilitas subspesialis rujukan.
3523,Kabupaten Tuban,866,1177016,1218788,0.74,0.71,kuning,5903,6076,1219,100,1219,-353,-353,8.65,Defisit Kritis (Merah),Alokasi penambahan minimal 353 tempat tidur baru dan ekspansi RS kelas C/D.
3524,Kabupaten Lamongan,2457,1189380,1231591,2.07,1.99,hijau,6351,6537,1232,108,1232,1225,1225,3.28,Kapasitas Aman / Surplus (Hijau),Pertahankan rasio bed optimal dan tingkatkan fasilitas subspesialis rujukan.
3525,Kabupaten Gresik,2692,1326420,1373495,2.03,1.96,hijau,6399,6586,1374,109,1374,1318,1318,3.02,Kapasitas Aman / Surplus (Hijau),Pertahankan rasio bed optimal dan tingkatkan fasilitas subspesialis rujukan.
3526,Kabupaten Bangkalan,1148,994212,1029497,1.15,1.12,hijau,4945,5090,1030,84,1030,118,118,5.47,Kapasitas Aman / Surplus (Hijau),Pertahankan rasio bed optimal dan tingkatkan fasilitas subspesialis rujukan.
3527,Kabupaten Sampang,635,975108,1009715,0.65,0.63,merah,3923,4038,1010,67,1010,-375,-375,7.84,Defisit Kritis (Merah),Alokasi penambahan minimal 375 tempat tidur baru dan ekspansi RS kelas C/D.
3528,Kabupaten Pamekasan,797,888214,919737,0.9,0.87,kuning,4530,4663,920,77,920,-123,-123,7.21,Waspada / Defisit Ringan (Kuning),"Optimalisasi utilisasi bed existing, upgrade Puskesmas Rawat Inap (+123 TT)."
3529,Kabupaten Sumenep,859,1092387,1131156,0.79,0.76,kuning,6037,6214,1132,103,1132,-273,-273,8.92,Defisit Kritis (Merah),Alokasi penambahan minimal 273 tempat tidur baru dan ekspansi RS kelas C/D.
3571,Kota Kediri,1566,289109,299369,5.42,5.23,hijau,1315,1353,300,23,300,1266,1266,1.07,Kapasitas Aman / Surplus (Hijau),Pertahankan rasio bed optimal dan tingkatkan fasilitas subspesialis rujukan.
3572,Kota Blitar,674,142798,147866,4.72,4.56,hijau,728,749,148,13,148,526,526,1.37,Kapasitas Aman / Surplus (Hijau),Pertahankan rasio bed optimal dan tingkatkan fasilitas subspesialis rujukan.
3573,Kota Malang,4175,874890,905940,4.77,4.61,hijau,4352,4479,906,74,906,3269,3269,1.32,Kapasitas Aman / Surplus (Hijau),Pertahankan rasio bed optimal dan tingkatkan fasilitas subspesialis rujukan.
3574,Kota Probolinggo,601,239024,247507,2.51,2.43,hijau,1150,1184,248,20,248,353,353,2.43,Kapasitas Aman / Surplus (Hijau),Pertahankan rasio bed optimal dan tingkatkan fasilitas subspesialis rujukan.
3575,Kota Pasuruan,295,201585,208739,1.46,1.41,hijau,1113,1146,209,19,209,86,86,4.79,Kapasitas Aman / Surplus (Hijau),Pertahankan rasio bed optimal dan tingkatkan fasilitas subspesialis rujukan.
3576,Kota Mojokerto,819,129891,134501,6.31,6.09,hijau,730,751,135,13,135,684,684,1.13,Kapasitas Aman / Surplus (Hijau),Pertahankan rasio bed optimal dan tingkatkan fasilitas subspesialis rujukan.
3577,Kota Madiun,1504,177399,183695,8.48,8.19,hijau,937,964,184,16,184,1320,1320,0.79,Kapasitas Aman / Surplus (Hijau),Pertahankan rasio bed optimal dan tingkatkan fasilitas subspesialis rujukan.
3578,Kota Surabaya,12419,2904751,3007841,4.28,4.13,hijau,14578,15005,3008,247,3008,9411,9411,1.49,Kapasitas Aman / Surplus (Hijau),Pertahankan rasio bed optimal dan tingkatkan fasilitas subspesialis rujukan.
3579,Kota Batu,619,209125,216547,2.96,2.86,hijau,1069,1100,217,19,217,402,402,2.19,Kapasitas Aman / Surplus (Hijau),Pertahankan rasio bed optimal dan tingkatkan fasilitas subspesialis rujukan.
