kode_bps,nama_wilayah,skor_kesehatan,rank_provinsi,kategori_status,tingkat_urgensi,masalah_utama,masalah_sekunder,program_rekomendasi_jatim,rekomendasi_tindakan,target_capaian,status_pelaksanaan
3501,Kabupaten Pacitan,55.05,8,Tangguh / Mandiri,Sedang,Cakupan Imunisasi & Program Preventif (Skor: 21.2),Kapasitas Tempat Tidur & Faskes (Skor: 47.0),Program Akselerasi Imunisasi Dasar Lengkap (IDL) & Pemantauan ANC K4 Berkala,Sweeping imunisasi door-to-door dan pendampingan persalinan 100% di fasilitas kesehatan.,Cakupan Imunisasi Dasar Lengkap (IDL) mencapai minimal 95% target desa UCI.,Diusulkan untuk DPA/Rencana Kerja TA 2026
3502,Kabupaten Ponorogo,50.36,15,Waspada,Sedang,Tingginya Beban Penyakit Menular & Rawat Inap (Skor: 34.2),"Kesehatan Ibu, Anak & Stunting (Skor: 44.0)",Program Pengendalian Vektor Penyakit Tropis Menular & Skrining PTM Massal,"Grebek sarang nyamuk DBD terfokus, penelusuran kontak aktif TB, dan posbindu PTM.",Menurunkan tren transmisi kasus rawat inap dan menular tahunan minimal 15%.,Diusulkan untuk DPA/Rencana Kerja TA 2026
3503,Kabupaten Trenggalek,45.55,21,Waspada,Sedang,Ketersediaan Tenaga Kesehatan (Skor: 28.7),Kapasitas Tempat Tidur & Faskes (Skor: 40.8),Program Distribusi Merata Dokter Spesialis & Insentif Nakes Daerah Tertinggal,Mobilisasi dokter residen/spesialis dan pemenuhan kuota perawat/bidan desa.,Rasio dokter minimal 1 per 1.000 penduduk dan pemerataan bidan per desa.,Diusulkan untuk DPA/Rencana Kerja TA 2026
3504,Kabupaten Tulungagung,44.98,22,Waspada,Tinggi,Tingginya Beban Penyakit Menular & Rawat Inap (Skor: 15.9),Cakupan Imunisasi & Program Preventif (Skor: 16.4),Program Pengendalian Vektor Penyakit Tropis Menular & Skrining PTM Massal,"Grebek sarang nyamuk DBD terfokus, penelusuran kontak aktif TB, dan posbindu PTM.",Menurunkan tren transmisi kasus rawat inap dan menular tahunan minimal 15%.,Diusulkan untuk DPA/Rencana Kerja TA 2026
3505,Kabupaten Blitar,46.5,19,Waspada,Sedang,Kapasitas Tempat Tidur & Faskes (Skor: 20.3),Tingginya Beban Penyakit Menular & Rawat Inap (Skor: 41.0),Program Peningkatan Daya Tampung Faskes & Revitalisasi TT Puskesmas Rawat Inap,Penambahan kapasitas ranjang terstandar WHO dan penguatan puskesmas rawat inap di perbatasan.,Mencapai rasio tempat tidur minimal 1.0 per 1.000 penduduk.,Diusulkan untuk DPA/Rencana Kerja TA 2026
3506,Kabupaten Kediri,48.45,17,Waspada,Sedang,Kapasitas Tempat Tidur & Faskes (Skor: 24.7),Tingginya Beban Penyakit Menular & Rawat Inap (Skor: 38.2),Program Peningkatan Daya Tampung Faskes & Revitalisasi TT Puskesmas Rawat Inap,Penambahan kapasitas ranjang terstandar WHO dan penguatan puskesmas rawat inap di perbatasan.,Mencapai rasio tempat tidur minimal 1.0 per 1.000 penduduk.,Diusulkan untuk DPA/Rencana Kerja TA 2026
3507,Kabupaten Malang,37.23,34,Prioritas Intervensi,Tinggi,Ketersediaan Tenaga Kesehatan (Skor: 11.9),Kapasitas Tempat Tidur & Faskes (Skor: 17.9),Program Distribusi Merata Dokter Spesialis & Insentif Nakes Daerah Tertinggal,Mobilisasi dokter residen/spesialis dan pemenuhan kuota perawat/bidan desa.,Rasio dokter minimal 1 per 1.000 penduduk dan pemerataan bidan per desa.,Diusulkan untuk DPA/Rencana Kerja TA 2026
3508,Kabupaten Lumajang,42.56,24,Waspada,Tinggi,Tingginya Beban Penyakit Menular & Rawat Inap (Skor: 13.2),Kapasitas Tempat Tidur & Faskes (Skor: 29.7),Program Pengendalian Vektor Penyakit Tropis Menular & Skrining PTM Massal,"Grebek sarang nyamuk DBD terfokus, penelusuran kontak aktif TB, dan posbindu PTM.",Menurunkan tren transmisi kasus rawat inap dan menular tahunan minimal 15%.,Diusulkan untuk DPA/Rencana Kerja TA 2026
3509,Kabupaten Jember,39.11,31,Prioritas Intervensi,Tinggi,Kapasitas Tempat Tidur & Faskes (Skor: 18.5),Tingginya Beban Penyakit Menular & Rawat Inap (Skor: 32.6),Program Peningkatan Daya Tampung Faskes & Revitalisasi TT Puskesmas Rawat Inap,Penambahan kapasitas ranjang terstandar WHO dan penguatan puskesmas rawat inap di perbatasan.,Mencapai rasio tempat tidur minimal 1.0 per 1.000 penduduk.,Diusulkan untuk DPA/Rencana Kerja TA 2026
3510,Kabupaten Banyuwangi,42.83,23,Waspada,Tinggi,"Kesehatan Ibu, Anak & Stunting (Skor: 12.9)",Kapasitas Tempat Tidur & Faskes (Skor: 30.0),Program Gerakan Penanganan Stunting Terpadu & Intervensi Gizi 1.000 HPK,"Pemberian makanan tambahan (PMT) kaya protein hewani, skrining anemia remaja putri, & edukasi sanitasi.",Menurunkan angka stunting di bawah batas toleransi 14% nasional dan meminimalkan AKI/AKB.,Diusulkan untuk DPA/Rencana Kerja TA 2026
3511,Kabupaten Bondowoso,41.8,25,Waspada,Tinggi,Cakupan Imunisasi & Program Preventif (Skor: 27.6),Kapasitas Tempat Tidur & Faskes (Skor: 34.2),Program Akselerasi Imunisasi Dasar Lengkap (IDL) & Pemantauan ANC K4 Berkala,Sweeping imunisasi door-to-door dan pendampingan persalinan 100% di fasilitas kesehatan.,Cakupan Imunisasi Dasar Lengkap (IDL) mencapai minimal 95% target desa UCI.,Diusulkan untuk DPA/Rencana Kerja TA 2026
3512,Kabupaten Situbondo,35.89,36,Prioritas Intervensi,Tinggi,Ketersediaan Tenaga Kesehatan (Skor: 14.0),Tingginya Beban Penyakit Menular & Rawat Inap (Skor: 30.0),Program Distribusi Merata Dokter Spesialis & Insentif Nakes Daerah Tertinggal,Mobilisasi dokter residen/spesialis dan pemenuhan kuota perawat/bidan desa.,Rasio dokter minimal 1 per 1.000 penduduk dan pemerataan bidan per desa.,Diusulkan untuk DPA/Rencana Kerja TA 2026
3513,Kabupaten Probolinggo,34.16,37,Prioritas Intervensi,Tinggi,Kapasitas Tempat Tidur & Faskes (Skor: 27.6),"Kesehatan Ibu, Anak & Stunting (Skor: 29.3)",Program Peningkatan Daya Tampung Faskes & Revitalisasi TT Puskesmas Rawat Inap,Penambahan kapasitas ranjang terstandar WHO dan penguatan puskesmas rawat inap di perbatasan.,Mencapai rasio tempat tidur minimal 1.0 per 1.000 penduduk.,Diusulkan untuk DPA/Rencana Kerja TA 2026
3514,Kabupaten Pasuruan,39.76,29,Prioritas Intervensi,Tinggi,Kapasitas Tempat Tidur & Faskes (Skor: 24.3),Ketersediaan Tenaga Kesehatan (Skor: 36.5),Program Peningkatan Daya Tampung Faskes & Revitalisasi TT Puskesmas Rawat Inap,Penambahan kapasitas ranjang terstandar WHO dan penguatan puskesmas rawat inap di perbatasan.,Mencapai rasio tempat tidur minimal 1.0 per 1.000 penduduk.,Diusulkan untuk DPA/Rencana Kerja TA 2026
3515,Kabupaten Sidoarjo,55.73,6,Tangguh / Mandiri,Sedang,Kapasitas Tempat Tidur & Faskes (Skor: 28.1),Ketersediaan Tenaga Kesehatan (Skor: 53.7),Program Peningkatan Daya Tampung Faskes & Revitalisasi TT Puskesmas Rawat Inap,Penambahan kapasitas ranjang terstandar WHO dan penguatan puskesmas rawat inap di perbatasan.,Mencapai rasio tempat tidur minimal 1.0 per 1.000 penduduk.,Diusulkan untuk DPA/Rencana Kerja TA 2026
3516,Kabupaten Mojokerto,40.89,28,Waspada,Tinggi,Ketersediaan Tenaga Kesehatan (Skor: 34.6),"Kesehatan Ibu, Anak & Stunting (Skor: 38.4)",Program Distribusi Merata Dokter Spesialis & Insentif Nakes Daerah Tertinggal,Mobilisasi dokter residen/spesialis dan pemenuhan kuota perawat/bidan desa.,Rasio dokter minimal 1 per 1.000 penduduk dan pemerataan bidan per desa.,Diusulkan untuk DPA/Rencana Kerja TA 2026
3517,Kabupaten Jombang,49.46,16,Waspada,Sedang,Ketersediaan Tenaga Kesehatan (Skor: 29.3),Kapasitas Tempat Tidur & Faskes (Skor: 38.4),Program Distribusi Merata Dokter Spesialis & Insentif Nakes Daerah Tertinggal,Mobilisasi dokter residen/spesialis dan pemenuhan kuota perawat/bidan desa.,Rasio dokter minimal 1 per 1.000 penduduk dan pemerataan bidan per desa.,Diusulkan untuk DPA/Rencana Kerja TA 2026
3518,Kabupaten Nganjuk,47.38,18,Waspada,Sedang,Ketersediaan Tenaga Kesehatan (Skor: 31.3),Kapasitas Tempat Tidur & Faskes (Skor: 31.5),Program Distribusi Merata Dokter Spesialis & Insentif Nakes Daerah Tertinggal,Mobilisasi dokter residen/spesialis dan pemenuhan kuota perawat/bidan desa.,Rasio dokter minimal 1 per 1.000 penduduk dan pemerataan bidan per desa.,Diusulkan untuk DPA/Rencana Kerja TA 2026
3519,Kabupaten Madiun,51.01,14,Waspada,Sedang,Tingginya Beban Penyakit Menular & Rawat Inap (Skor: 17.1),Cakupan Imunisasi & Program Preventif (Skor: 46.1),Program Pengendalian Vektor Penyakit Tropis Menular & Skrining PTM Massal,"Grebek sarang nyamuk DBD terfokus, penelusuran kontak aktif TB, dan posbindu PTM.",Menurunkan tren transmisi kasus rawat inap dan menular tahunan minimal 15%.,Diusulkan untuk DPA/Rencana Kerja TA 2026
3520,Kabupaten Magetan,41.15,27,Waspada,Tinggi,Tingginya Beban Penyakit Menular & Rawat Inap (Skor: 3.4),Cakupan Imunisasi & Program Preventif (Skor: 21.7),Program Pengendalian Vektor Penyakit Tropis Menular & Skrining PTM Massal,"Grebek sarang nyamuk DBD terfokus, penelusuran kontak aktif TB, dan posbindu PTM.",Menurunkan tren transmisi kasus rawat inap dan menular tahunan minimal 15%.,Diusulkan untuk DPA/Rencana Kerja TA 2026
3521,Kabupaten Ngawi,36.11,35,Prioritas Intervensi,Tinggi,Cakupan Imunisasi & Program Preventif (Skor: 21.8),Ketersediaan Tenaga Kesehatan (Skor: 33.4),Program Akselerasi Imunisasi Dasar Lengkap (IDL) & Pemantauan ANC K4 Berkala,Sweeping imunisasi door-to-door dan pendampingan persalinan 100% di fasilitas kesehatan.,Cakupan Imunisasi Dasar Lengkap (IDL) mencapai minimal 95% target desa UCI.,Diusulkan untuk DPA/Rencana Kerja TA 2026
3522,Kabupaten Bojonegoro,61.5,2,Tangguh / Mandiri,Sedang,Kapasitas Tempat Tidur & Faskes (Skor: 42.3),"Kesehatan Ibu, Anak & Stunting (Skor: 55.6)",Program Peningkatan Daya Tampung Faskes & Revitalisasi TT Puskesmas Rawat Inap,Penambahan kapasitas ranjang terstandar WHO dan penguatan puskesmas rawat inap di perbatasan.,Mencapai rasio tempat tidur minimal 1.0 per 1.000 penduduk.,Diusulkan untuk DPA/Rencana Kerja TA 2026
3523,Kabupaten Tuban,41.79,26,Waspada,Tinggi,Kapasitas Tempat Tidur & Faskes (Skor: 29.4),Ketersediaan Tenaga Kesehatan (Skor: 40.0),Program Peningkatan Daya Tampung Faskes & Revitalisasi TT Puskesmas Rawat Inap,Penambahan kapasitas ranjang terstandar WHO dan penguatan puskesmas rawat inap di perbatasan.,Mencapai rasio tempat tidur minimal 1.0 per 1.000 penduduk.,Diusulkan untuk DPA/Rencana Kerja TA 2026
3524,Kabupaten Lamongan,53.69,11,Waspada,Sedang,Tingginya Beban Penyakit Menular & Rawat Inap (Skor: 9.3),"Kesehatan Ibu, Anak & Stunting (Skor: 36.1)",Program Pengendalian Vektor Penyakit Tropis Menular & Skrining PTM Massal,"Grebek sarang nyamuk DBD terfokus, penelusuran kontak aktif TB, dan posbindu PTM.",Menurunkan tren transmisi kasus rawat inap dan menular tahunan minimal 15%.,Diusulkan untuk DPA/Rencana Kerja TA 2026
3525,Kabupaten Gresik,46.21,20,Waspada,Sedang,"Kesehatan Ibu, Anak & Stunting (Skor: 27.1)",Ketersediaan Tenaga Kesehatan (Skor: 45.5),Program Gerakan Penanganan Stunting Terpadu & Intervensi Gizi 1.000 HPK,"Pemberian makanan tambahan (PMT) kaya protein hewani, skrining anemia remaja putri, & edukasi sanitasi.",Menurunkan angka stunting di bawah batas toleransi 14% nasional dan meminimalkan AKI/AKB.,Diusulkan untuk DPA/Rencana Kerja TA 2026
3526,Kabupaten Bangkalan,38.8,32,Prioritas Intervensi,Tinggi,"Kesehatan Ibu, Anak & Stunting (Skor: 31.6)",Kapasitas Tempat Tidur & Faskes (Skor: 32.0),Program Gerakan Penanganan Stunting Terpadu & Intervensi Gizi 1.000 HPK,"Pemberian makanan tambahan (PMT) kaya protein hewani, skrining anemia remaja putri, & edukasi sanitasi.",Menurunkan angka stunting di bawah batas toleransi 14% nasional dan meminimalkan AKI/AKB.,Diusulkan untuk DPA/Rencana Kerja TA 2026
3527,Kabupaten Sampang,37.31,33,Prioritas Intervensi,Tinggi,Kapasitas Tempat Tidur & Faskes (Skor: 18.0),"Kesehatan Ibu, Anak & Stunting (Skor: 23.1)",Program Peningkatan Daya Tampung Faskes & Revitalisasi TT Puskesmas Rawat Inap,Penambahan kapasitas ranjang terstandar WHO dan penguatan puskesmas rawat inap di perbatasan.,Mencapai rasio tempat tidur minimal 1.0 per 1.000 penduduk.,Diusulkan untuk DPA/Rencana Kerja TA 2026
3528,Kabupaten Pamekasan,55.71,7,Tangguh / Mandiri,Sedang,Kapasitas Tempat Tidur & Faskes (Skor: 27.1),Tingginya Beban Penyakit Menular & Rawat Inap (Skor: 45.0),Program Peningkatan Daya Tampung Faskes & Revitalisasi TT Puskesmas Rawat Inap,Penambahan kapasitas ranjang terstandar WHO dan penguatan puskesmas rawat inap di perbatasan.,Mencapai rasio tempat tidur minimal 1.0 per 1.000 penduduk.,Diusulkan untuk DPA/Rencana Kerja TA 2026
3529,Kabupaten Sumenep,33.29,38,Prioritas Intervensi,Tinggi,Tingginya Beban Penyakit Menular & Rawat Inap (Skor: 25.5),"Kesehatan Ibu, Anak & Stunting (Skor: 29.2)",Program Pengendalian Vektor Penyakit Tropis Menular & Skrining PTM Massal,"Grebek sarang nyamuk DBD terfokus, penelusuran kontak aktif TB, dan posbindu PTM.",Menurunkan tren transmisi kasus rawat inap dan menular tahunan minimal 15%.,Diusulkan untuk DPA/Rencana Kerja TA 2026
3571,Kota Kediri,63.52,1,Tangguh / Mandiri,Sedang,Cakupan Imunisasi & Program Preventif (Skor: 44.9),"Kesehatan Ibu, Anak & Stunting (Skor: 63.7)",Program Akselerasi Imunisasi Dasar Lengkap (IDL) & Pemantauan ANC K4 Berkala,Sweeping imunisasi door-to-door dan pendampingan persalinan 100% di fasilitas kesehatan.,Cakupan Imunisasi Dasar Lengkap (IDL) mencapai minimal 95% target desa UCI.,Diusulkan untuk DPA/Rencana Kerja TA 2026
3572,Kota Blitar,59.61,4,Tangguh / Mandiri,Sedang,Ketersediaan Tenaga Kesehatan (Skor: 29.9),Tingginya Beban Penyakit Menular & Rawat Inap (Skor: 52.1),Program Distribusi Merata Dokter Spesialis & Insentif Nakes Daerah Tertinggal,Mobilisasi dokter residen/spesialis dan pemenuhan kuota perawat/bidan desa.,Rasio dokter minimal 1 per 1.000 penduduk dan pemerataan bidan per desa.,Diusulkan untuk DPA/Rencana Kerja TA 2026
3573,Kota Malang,53.92,10,Waspada,Sedang,Cakupan Imunisasi & Program Preventif (Skor: 38.4),"Kesehatan Ibu, Anak & Stunting (Skor: 53.6)",Program Akselerasi Imunisasi Dasar Lengkap (IDL) & Pemantauan ANC K4 Berkala,Sweeping imunisasi door-to-door dan pendampingan persalinan 100% di fasilitas kesehatan.,Cakupan Imunisasi Dasar Lengkap (IDL) mencapai minimal 95% target desa UCI.,Diusulkan untuk DPA/Rencana Kerja TA 2026
3574,Kota Probolinggo,55.02,9,Tangguh / Mandiri,Sedang,Ketersediaan Tenaga Kesehatan (Skor: 16.0),Kapasitas Tempat Tidur & Faskes (Skor: 54.5),Program Distribusi Merata Dokter Spesialis & Insentif Nakes Daerah Tertinggal,Mobilisasi dokter residen/spesialis dan pemenuhan kuota perawat/bidan desa.,Rasio dokter minimal 1 per 1.000 penduduk dan pemerataan bidan per desa.,Diusulkan untuk DPA/Rencana Kerja TA 2026
3575,Kota Pasuruan,51.83,13,Waspada,Sedang,Tingginya Beban Penyakit Menular & Rawat Inap (Skor: 40.6),Kapasitas Tempat Tidur & Faskes (Skor: 42.3),Program Pengendalian Vektor Penyakit Tropis Menular & Skrining PTM Massal,"Grebek sarang nyamuk DBD terfokus, penelusuran kontak aktif TB, dan posbindu PTM.",Menurunkan tren transmisi kasus rawat inap dan menular tahunan minimal 15%.,Diusulkan untuk DPA/Rencana Kerja TA 2026
3576,Kota Mojokerto,59.87,3,Tangguh / Mandiri,Sedang,Tingginya Beban Penyakit Menular & Rawat Inap (Skor: 13.0),Cakupan Imunisasi & Program Preventif (Skor: 40.2),Program Pengendalian Vektor Penyakit Tropis Menular & Skrining PTM Massal,"Grebek sarang nyamuk DBD terfokus, penelusuran kontak aktif TB, dan posbindu PTM.",Menurunkan tren transmisi kasus rawat inap dan menular tahunan minimal 15%.,Diusulkan untuk DPA/Rencana Kerja TA 2026
3577,Kota Madiun,59.12,5,Tangguh / Mandiri,Sedang,Tingginya Beban Penyakit Menular & Rawat Inap (Skor: 11.1),"Kesehatan Ibu, Anak & Stunting (Skor: 48.2)",Program Pengendalian Vektor Penyakit Tropis Menular & Skrining PTM Massal,"Grebek sarang nyamuk DBD terfokus, penelusuran kontak aktif TB, dan posbindu PTM.",Menurunkan tren transmisi kasus rawat inap dan menular tahunan minimal 15%.,Diusulkan untuk DPA/Rencana Kerja TA 2026
3578,Kota Surabaya,52.78,12,Waspada,Sedang,Cakupan Imunisasi & Program Preventif (Skor: 31.2),Tingginya Beban Penyakit Menular & Rawat Inap (Skor: 42.2),Program Akselerasi Imunisasi Dasar Lengkap (IDL) & Pemantauan ANC K4 Berkala,Sweeping imunisasi door-to-door dan pendampingan persalinan 100% di fasilitas kesehatan.,Cakupan Imunisasi Dasar Lengkap (IDL) mencapai minimal 95% target desa UCI.,Diusulkan untuk DPA/Rencana Kerja TA 2026
3579,Kota Batu,39.42,30,Prioritas Intervensi,Tinggi,Ketersediaan Tenaga Kesehatan (Skor: 3.0),Cakupan Imunisasi & Program Preventif (Skor: 21.6),Program Distribusi Merata Dokter Spesialis & Insentif Nakes Daerah Tertinggal,Mobilisasi dokter residen/spesialis dan pemenuhan kuota perawat/bidan desa.,Rasio dokter minimal 1 per 1.000 penduduk dan pemerataan bidan per desa.,Diusulkan untuk DPA/Rencana Kerja TA 2026
