kode_bps,nama_wilayah,cluster_id,cluster_tier,cluster_name,cluster_color,skor_kesehatan,pilar_fasilitas,pilar_nakes,pilar_kia,pilar_morbiditas,pilar_program,pca_1,pca_2,karakteristik_klaster,rekomendasi_kebijakan
3501,Kabupaten Pacitan,2,Tier 2: Berkembang & Moderat (Waspada),Kapasitas Sedang (Perlu Stabilisasi),#F59E0B,55.05,46.96,58.31,60.29,89.27,21.23,0.888,0.549,"Kapasitas fasilitas rata-rata, sebaran nakes cukup namun rentan overload jika terjadi lonjakan kasus musiman.",Peningkatan kuota tempat tidur puskesmas rawat inap dan penguatan deteksi dini penyakit tropis.
3502,Kabupaten Ponorogo,0,Tier 3: Rentan & Defisit (Prioritas Khusus),Rentan & Defisit Faskes/KIA,#EF4444,50.36,54.62,47.43,44.03,34.19,73.88,-0.261,-0.136,"Rasio ranjang di bawah standar minimal WHO, beban stunting/KIA tinggi, atau akses geospasial kepulauan/terpencil.","Intervensi alokasi logistik darurat, percepatan PMT gizi stunting, dan redistribusi tenaga medis."
3503,Kabupaten Trenggalek,0,Tier 3: Rentan & Defisit (Prioritas Khusus),Rentan & Defisit Faskes/KIA,#EF4444,45.55,40.83,28.67,60.23,51.11,45.87,-0.409,-1.725,"Rasio ranjang di bawah standar minimal WHO, beban stunting/KIA tinggi, atau akses geospasial kepulauan/terpencil.","Intervensi alokasi logistik darurat, percepatan PMT gizi stunting, dan redistribusi tenaga medis."
3504,Kabupaten Tulungagung,0,Tier 3: Rentan & Defisit (Prioritas Khusus),Rentan & Defisit Faskes/KIA,#EF4444,44.98,57.76,34.13,75.49,15.94,16.36,1.068,-1.944,"Rasio ranjang di bawah standar minimal WHO, beban stunting/KIA tinggi, atau akses geospasial kepulauan/terpencil.","Intervensi alokasi logistik darurat, percepatan PMT gizi stunting, dan redistribusi tenaga medis."
3505,Kabupaten Blitar,2,Tier 2: Berkembang & Moderat (Waspada),Kapasitas Sedang (Perlu Stabilisasi),#F59E0B,46.5,20.31,65.94,57.01,40.97,52.21,-0.101,1.463,"Kapasitas fasilitas rata-rata, sebaran nakes cukup namun rentan overload jika terjadi lonjakan kasus musiman.",Peningkatan kuota tempat tidur puskesmas rawat inap dan penguatan deteksi dini penyakit tropis.
3506,Kabupaten Kediri,0,Tier 3: Rentan & Defisit (Prioritas Khusus),Rentan & Defisit Faskes/KIA,#EF4444,48.45,24.74,38.68,65.36,38.24,83.01,-0.331,-0.829,"Rasio ranjang di bawah standar minimal WHO, beban stunting/KIA tinggi, atau akses geospasial kepulauan/terpencil.","Intervensi alokasi logistik darurat, percepatan PMT gizi stunting, dan redistribusi tenaga medis."
3507,Kabupaten Malang,0,Tier 3: Rentan & Defisit (Prioritas Khusus),Rentan & Defisit Faskes/KIA,#EF4444,37.23,17.94,11.9,33.31,82.26,64.64,-2.686,-1.406,"Rasio ranjang di bawah standar minimal WHO, beban stunting/KIA tinggi, atau akses geospasial kepulauan/terpencil.","Intervensi alokasi logistik darurat, percepatan PMT gizi stunting, dan redistribusi tenaga medis."
3508,Kabupaten Lumajang,2,Tier 2: Berkembang & Moderat (Waspada),Kapasitas Sedang (Perlu Stabilisasi),#F59E0B,42.56,29.68,57.75,35.09,13.24,85.54,-1.108,1.193,"Kapasitas fasilitas rata-rata, sebaran nakes cukup namun rentan overload jika terjadi lonjakan kasus musiman.",Peningkatan kuota tempat tidur puskesmas rawat inap dan penguatan deteksi dini penyakit tropis.
3509,Kabupaten Jember,2,Tier 2: Berkembang & Moderat (Waspada),Kapasitas Sedang (Perlu Stabilisasi),#F59E0B,39.11,18.54,36.4,52.44,32.58,61.3,-0.854,0.295,"Kapasitas fasilitas rata-rata, sebaran nakes cukup namun rentan overload jika terjadi lonjakan kasus musiman.",Peningkatan kuota tempat tidur puskesmas rawat inap dan penguatan deteksi dini penyakit tropis.
3510,Kabupaten Banyuwangi,2,Tier 2: Berkembang & Moderat (Waspada),Kapasitas Sedang (Perlu Stabilisasi),#F59E0B,42.83,29.96,83.37,12.87,55.79,47.19,-2.024,3.358,"Kapasitas fasilitas rata-rata, sebaran nakes cukup namun rentan overload jika terjadi lonjakan kasus musiman.",Peningkatan kuota tempat tidur puskesmas rawat inap dan penguatan deteksi dini penyakit tropis.
3511,Kabupaten Bondowoso,0,Tier 3: Rentan & Defisit (Prioritas Khusus),Rentan & Defisit Faskes/KIA,#EF4444,41.8,34.2,42.24,47.72,58.2,27.63,-0.619,-0.59,"Rasio ranjang di bawah standar minimal WHO, beban stunting/KIA tinggi, atau akses geospasial kepulauan/terpencil.","Intervensi alokasi logistik darurat, percepatan PMT gizi stunting, dan redistribusi tenaga medis."
3512,Kabupaten Situbondo,0,Tier 3: Rentan & Defisit (Prioritas Khusus),Rentan & Defisit Faskes/KIA,#EF4444,35.89,40.57,14.0,46.93,30.01,44.73,-1.395,-1.542,"Rasio ranjang di bawah standar minimal WHO, beban stunting/KIA tinggi, atau akses geospasial kepulauan/terpencil.","Intervensi alokasi logistik darurat, percepatan PMT gizi stunting, dan redistribusi tenaga medis."
3513,Kabupaten Probolinggo,0,Tier 3: Rentan & Defisit (Prioritas Khusus),Rentan & Defisit Faskes/KIA,#EF4444,34.16,27.57,35.39,29.27,50.64,35.16,-2.743,0.222,"Rasio ranjang di bawah standar minimal WHO, beban stunting/KIA tinggi, atau akses geospasial kepulauan/terpencil.","Intervensi alokasi logistik darurat, percepatan PMT gizi stunting, dan redistribusi tenaga medis."
3514,Kabupaten Pasuruan,0,Tier 3: Rentan & Defisit (Prioritas Khusus),Rentan & Defisit Faskes/KIA,#EF4444,39.76,24.31,36.47,43.58,57.98,45.28,-1.845,-1.011,"Rasio ranjang di bawah standar minimal WHO, beban stunting/KIA tinggi, atau akses geospasial kepulauan/terpencil.","Intervensi alokasi logistik darurat, percepatan PMT gizi stunting, dan redistribusi tenaga medis."
3515,Kabupaten Sidoarjo,2,Tier 2: Berkembang & Moderat (Waspada),Kapasitas Sedang (Perlu Stabilisasi),#F59E0B,55.73,28.05,53.74,59.73,92.83,60.73,0.312,0.159,"Kapasitas fasilitas rata-rata, sebaran nakes cukup namun rentan overload jika terjadi lonjakan kasus musiman.",Peningkatan kuota tempat tidur puskesmas rawat inap dan penguatan deteksi dini penyakit tropis.
3516,Kabupaten Mojokerto,0,Tier 3: Rentan & Defisit (Prioritas Khusus),Rentan & Defisit Faskes/KIA,#EF4444,40.89,40.22,34.61,38.44,52.51,42.86,-1.075,-0.81,"Rasio ranjang di bawah standar minimal WHO, beban stunting/KIA tinggi, atau akses geospasial kepulauan/terpencil.","Intervensi alokasi logistik darurat, percepatan PMT gizi stunting, dan redistribusi tenaga medis."
3517,Kabupaten Jombang,0,Tier 3: Rentan & Defisit (Prioritas Khusus),Rentan & Defisit Faskes/KIA,#EF4444,49.46,38.38,29.33,49.44,69.78,74.48,-0.873,-1.252,"Rasio ranjang di bawah standar minimal WHO, beban stunting/KIA tinggi, atau akses geospasial kepulauan/terpencil.","Intervensi alokasi logistik darurat, percepatan PMT gizi stunting, dan redistribusi tenaga medis."
3518,Kabupaten Nganjuk,0,Tier 3: Rentan & Defisit (Prioritas Khusus),Rentan & Defisit Faskes/KIA,#EF4444,47.38,31.52,31.34,52.63,76.09,57.72,-1.358,-1.591,"Rasio ranjang di bawah standar minimal WHO, beban stunting/KIA tinggi, atau akses geospasial kepulauan/terpencil.","Intervensi alokasi logistik darurat, percepatan PMT gizi stunting, dan redistribusi tenaga medis."
3519,Kabupaten Madiun,2,Tier 2: Berkembang & Moderat (Waspada),Kapasitas Sedang (Perlu Stabilisasi),#F59E0B,51.01,58.19,62.99,57.51,17.12,46.12,1.042,1.184,"Kapasitas fasilitas rata-rata, sebaran nakes cukup namun rentan overload jika terjadi lonjakan kasus musiman.",Peningkatan kuota tempat tidur puskesmas rawat inap dan penguatan deteksi dini penyakit tropis.
3520,Kabupaten Magetan,2,Tier 2: Berkembang & Moderat (Waspada),Kapasitas Sedang (Perlu Stabilisasi),#F59E0B,41.15,44.06,60.1,57.4,3.39,21.71,-0.494,0.111,"Kapasitas fasilitas rata-rata, sebaran nakes cukup namun rentan overload jika terjadi lonjakan kasus musiman.",Peningkatan kuota tempat tidur puskesmas rawat inap dan penguatan deteksi dini penyakit tropis.
3521,Kabupaten Ngawi,0,Tier 3: Rentan & Defisit (Prioritas Khusus),Rentan & Defisit Faskes/KIA,#EF4444,36.11,40.01,33.39,36.05,47.67,21.76,-1.388,-0.841,"Rasio ranjang di bawah standar minimal WHO, beban stunting/KIA tinggi, atau akses geospasial kepulauan/terpencil.","Intervensi alokasi logistik darurat, percepatan PMT gizi stunting, dan redistribusi tenaga medis."
3522,Kabupaten Bojonegoro,2,Tier 2: Berkembang & Moderat (Waspada),Kapasitas Sedang (Perlu Stabilisasi),#F59E0B,61.5,42.29,94.75,55.62,59.84,60.66,1.437,2.927,"Kapasitas fasilitas rata-rata, sebaran nakes cukup namun rentan overload jika terjadi lonjakan kasus musiman.",Peningkatan kuota tempat tidur puskesmas rawat inap dan penguatan deteksi dini penyakit tropis.
3523,Kabupaten Tuban,2,Tier 2: Berkembang & Moderat (Waspada),Kapasitas Sedang (Perlu Stabilisasi),#F59E0B,41.79,29.38,39.95,40.51,56.6,52.27,-0.865,0.351,"Kapasitas fasilitas rata-rata, sebaran nakes cukup namun rentan overload jika terjadi lonjakan kasus musiman.",Peningkatan kuota tempat tidur puskesmas rawat inap dan penguatan deteksi dini penyakit tropis.
3524,Kabupaten Lamongan,2,Tier 2: Berkembang & Moderat (Waspada),Kapasitas Sedang (Perlu Stabilisasi),#F59E0B,53.69,54.9,92.29,36.15,9.26,73.86,0.4,2.623,"Kapasitas fasilitas rata-rata, sebaran nakes cukup namun rentan overload jika terjadi lonjakan kasus musiman.",Peningkatan kuota tempat tidur puskesmas rawat inap dan penguatan deteksi dini penyakit tropis.
3525,Kabupaten Gresik,2,Tier 2: Berkembang & Moderat (Waspada),Kapasitas Sedang (Perlu Stabilisasi),#F59E0B,46.21,47.49,45.55,27.12,57.59,65.39,-0.975,0.494,"Kapasitas fasilitas rata-rata, sebaran nakes cukup namun rentan overload jika terjadi lonjakan kasus musiman.",Peningkatan kuota tempat tidur puskesmas rawat inap dan penguatan deteksi dini penyakit tropis.
3526,Kabupaten Bangkalan,2,Tier 2: Berkembang & Moderat (Waspada),Kapasitas Sedang (Perlu Stabilisasi),#F59E0B,38.8,32.04,53.24,31.55,42.64,39.07,-1.232,1.683,"Kapasitas fasilitas rata-rata, sebaran nakes cukup namun rentan overload jika terjadi lonjakan kasus musiman.",Peningkatan kuota tempat tidur puskesmas rawat inap dan penguatan deteksi dini penyakit tropis.
3527,Kabupaten Sampang,0,Tier 3: Rentan & Defisit (Prioritas Khusus),Rentan & Defisit Faskes/KIA,#EF4444,37.31,18.02,30.93,23.11,94.32,44.64,-3.063,-0.19,"Rasio ranjang di bawah standar minimal WHO, beban stunting/KIA tinggi, atau akses geospasial kepulauan/terpencil.","Intervensi alokasi logistik darurat, percepatan PMT gizi stunting, dan redistribusi tenaga medis."
3528,Kabupaten Pamekasan,2,Tier 2: Berkembang & Moderat (Waspada),Kapasitas Sedang (Perlu Stabilisasi),#F59E0B,55.71,27.05,65.69,70.34,45.01,76.47,0.703,0.136,"Kapasitas fasilitas rata-rata, sebaran nakes cukup namun rentan overload jika terjadi lonjakan kasus musiman.",Peningkatan kuota tempat tidur puskesmas rawat inap dan penguatan deteksi dini penyakit tropis.
3529,Kabupaten Sumenep,2,Tier 2: Berkembang & Moderat (Waspada),Kapasitas Sedang (Perlu Stabilisasi),#F59E0B,33.29,30.97,48.48,29.23,25.53,31.42,-2.4,1.576,"Kapasitas fasilitas rata-rata, sebaran nakes cukup namun rentan overload jika terjadi lonjakan kasus musiman.",Peningkatan kuota tempat tidur puskesmas rawat inap dan penguatan deteksi dini penyakit tropis.
3571,Kota Kediri,1,Tier 1: Mandiri & Tangguh (Urban Hub),Pusat Rujukan & Nakes Lengkap,#10B981,63.52,68.92,63.71,63.69,72.64,44.88,3.495,0.933,"Kapasitas tempat tidur tinggi, densitas dokter spesialis memadai, dan prevalensi stunting relatif rendah.",Fokus sebagai sentra rujukan regional spesialis dan pembina faskes wilayah satelit.
3572,Kota Blitar,1,Tier 1: Mandiri & Tangguh (Urban Hub),Pusat Rujukan & Nakes Lengkap,#10B981,59.61,74.4,29.92,71.73,52.07,61.87,3.318,-1.46,"Kapasitas tempat tidur tinggi, densitas dokter spesialis memadai, dan prevalensi stunting relatif rendah.",Fokus sebagai sentra rujukan regional spesialis dan pembina faskes wilayah satelit.
3573,Kota Malang,1,Tier 1: Mandiri & Tangguh (Urban Hub),Pusat Rujukan & Nakes Lengkap,#10B981,53.92,55.64,56.26,53.56,64.01,38.41,2.068,0.542,"Kapasitas tempat tidur tinggi, densitas dokter spesialis memadai, dan prevalensi stunting relatif rendah.",Fokus sebagai sentra rujukan regional spesialis dan pembina faskes wilayah satelit.
3574,Kota Probolinggo,0,Tier 3: Rentan & Defisit (Prioritas Khusus),Rentan & Defisit Faskes/KIA,#EF4444,55.02,54.47,16.01,82.58,54.47,62.59,1.683,-3.25,"Rasio ranjang di bawah standar minimal WHO, beban stunting/KIA tinggi, atau akses geospasial kepulauan/terpencil.","Intervensi alokasi logistik darurat, percepatan PMT gizi stunting, dan redistribusi tenaga medis."
3575,Kota Pasuruan,2,Tier 2: Berkembang & Moderat (Waspada),Kapasitas Sedang (Perlu Stabilisasi),#F59E0B,51.83,42.29,58.76,57.2,40.61,60.79,0.931,0.627,"Kapasitas fasilitas rata-rata, sebaran nakes cukup namun rentan overload jika terjadi lonjakan kasus musiman.",Peningkatan kuota tempat tidur puskesmas rawat inap dan penguatan deteksi dini penyakit tropis.
3576,Kota Mojokerto,1,Tier 1: Mandiri & Tangguh (Urban Hub),Pusat Rujukan & Nakes Lengkap,#10B981,59.87,92.93,41.95,81.06,12.99,40.24,4.32,-1.711,"Kapasitas tempat tidur tinggi, densitas dokter spesialis memadai, dan prevalensi stunting relatif rendah.",Fokus sebagai sentra rujukan regional spesialis dan pembina faskes wilayah satelit.
3577,Kota Madiun,1,Tier 1: Mandiri & Tangguh (Urban Hub),Pusat Rujukan & Nakes Lengkap,#10B981,59.12,83.89,85.75,48.25,11.11,48.48,4.217,1.846,"Kapasitas tempat tidur tinggi, densitas dokter spesialis memadai, dan prevalensi stunting relatif rendah.",Fokus sebagai sentra rujukan regional spesialis dan pembina faskes wilayah satelit.
3578,Kota Surabaya,1,Tier 1: Mandiri & Tangguh (Urban Hub),Pusat Rujukan & Nakes Lengkap,#10B981,52.78,60.15,48.77,67.92,42.23,31.19,2.25,0.27,"Kapasitas tempat tidur tinggi, densitas dokter spesialis memadai, dan prevalensi stunting relatif rendah.",Fokus sebagai sentra rujukan regional spesialis dan pembina faskes wilayah satelit.
3579,Kota Batu,0,Tier 3: Rentan & Defisit (Prioritas Khusus),Rentan & Defisit Faskes/KIA,#EF4444,39.42,67.58,3.01,46.51,47.01,21.63,-0.034,-2.253,"Rasio ranjang di bawah standar minimal WHO, beban stunting/KIA tinggi, atau akses geospasial kepulauan/terpencil.","Intervensi alokasi logistik darurat, percepatan PMT gizi stunting, dan redistribusi tenaga medis."
