kode_bps,nama_wilayah,total_tt,jumlah_penduduk_2021,rasio_tt_resmi,kategori_who_resmi,proyeksi_penduduk_2026,rasio_tt_proyeksi_2026,kategori_who_proyeksi_2026,coverage_periode
3501,Kabupaten Pacitan,337,555984,0.61,merah,575716,0.59,merah,2026-PROJECTED
3517,Kabupaten Jombang,1626,1268504,1.28,hijau,1313523,1.24,hijau,2026-PROJECTED
3529,Kabupaten Sumenep,859,1092387,0.79,kuning,1131156,0.76,kuning,2026-PROJECTED
3528,Kabupaten Pamekasan,789,888214,0.89,kuning,919737,0.86,kuning,2026-PROJECTED
3527,Kabupaten Sampang,614,975108,0.63,merah,1009715,0.61,merah,2026-PROJECTED
3526,Kabupaten Bangkalan,1145,994212,1.15,hijau,1029497,1.11,hijau,2026-PROJECTED
3525,Kabupaten Gresik,2704,1326420,2.04,hijau,1373495,1.97,hijau,2026-PROJECTED
3524,Kabupaten Lamongan,2494,1189380,2.1,hijau,1231591,2.03,hijau,2026-PROJECTED
3523,Kabupaten Tuban,860,1177016,0.73,kuning,1218788,0.71,kuning,2026-PROJECTED
3522,Kabupaten Bojonegoro,1635,1252020,1.31,hijau,1296454,1.26,hijau,2026-PROJECTED
3521,Kabupaten Ngawi,906,830134,1.09,hijau,859595,1.05,hijau,2026-PROJECTED
3502,Kabupaten Ponorogo,1167,871825,1.34,hijau,902766,1.29,hijau,2026-PROJECTED
3519,Kabupaten Madiun,944,683784,1.38,hijau,708051,1.33,hijau,2026-PROJECTED
3518,Kabupaten Nganjuk,931,1057011,0.88,kuning,1094524,0.85,kuning,2026-PROJECTED
3520,Kabupaten Magetan,505,629020,0.8,kuning,651344,0.78,kuning,2026-PROJECTED
3516,Kabupaten Mojokerto,1659,1126392,1.47,hijau,1166368,1.42,hijau,2026-PROJECTED
3508,Kabupaten Lumajang,1081,1044718,1.03,hijau,1081795,1.0,hijau,2026-PROJECTED
3503,Kabupaten Trenggalek,674,697600,0.97,kuning,722358,0.93,kuning,2026-PROJECTED
3504,Kabupaten Tulungagung,2057,1043182,1.97,hijau,1080205,1.9,hijau,2026-PROJECTED
3515,Kabupaten Sidoarjo,4371,2282215,1.92,hijau,2363211,1.85,hijau,2026-PROJECTED
3506,Kabupaten Kediri,1342,1580092,0.85,kuning,1636169,0.82,kuning,2026-PROJECTED
3507,Kabupaten Malang,3067,2619975,1.17,hijau,2712958,1.13,hijau,2026-PROJECTED
3505,Kabupaten Blitar,899,1163789,0.77,kuning,1205092,0.75,kuning,2026-PROJECTED
3509,Kabupaten Jember,2174,2459890,0.88,kuning,2547191,0.85,kuning,2026-PROJECTED
3510,Kabupaten Banyuwangi,1443,1617814,0.89,kuning,1675230,0.86,kuning,2026-PROJECTED
3511,Kabupaten Bondowoso,608,778789,0.78,kuning,806428,0.75,kuning,2026-PROJECTED
3512,Kabupaten Situbondo,816,685776,1.19,hijau,710114,1.15,hijau,2026-PROJECTED
3513,Kabupaten Probolinggo,919,1174890,0.78,kuning,1216587,0.76,kuning,2026-PROJECTED
3514,Kabupaten Pasuruan,1714,1637682,1.05,hijau,1695803,1.01,hijau,2026-PROJECTED
3571,Kota Kediri,1572,289109,5.44,hijau,299369,5.25,hijau,2026-PROJECTED
3572,Kota Blitar,674,142798,4.72,hijau,147866,4.56,hijau,2026-PROJECTED
3573,Kota Malang,4177,874890,4.77,hijau,905940,4.61,hijau,2026-PROJECTED
3574,Kota Probolinggo,601,239024,2.51,hijau,247507,2.43,hijau,2026-PROJECTED
3575,Kota Pasuruan,293,201585,1.45,hijau,208739,1.4,hijau,2026-PROJECTED
3576,Kota Mojokerto,823,129891,6.34,hijau,134501,6.12,hijau,2026-PROJECTED
3577,Kota Madiun,1513,177399,8.53,hijau,183695,8.24,hijau,2026-PROJECTED
3578,Kota Surabaya,12903,2904751,4.44,hijau,3007841,4.29,hijau,2026-PROJECTED
3579,Kota Batu,619,209125,2.96,hijau,216547,2.86,hijau,2026-PROJECTED
